判定,ファイル,出力ファイル
×,Aoi/IMG_8890.jpg,
○,Aoi/IMG_8891.jpg,Aoi/IMG_8891.jpg
×,Aoi/IMG_8892.jpg,
×,Aoi/IMG_8893.jpg,
×,Aoi/IMG_8894.jpg,
×,Aoi/IMG_8895.jpg,
○,Aoi/IMG_8896.jpg,Aoi/IMG_8896.jpg
○,Aoi/IMG_8897.jpg,Aoi/IMG_8897.jpg
○,Aoi/IMG_8898.jpg,Aoi/IMG_8898.jpg
×,Kobayashi/IMG_5360.JPG,
×,Kobayashi/IMG_5361.JPG,
×,Kobayashi/IMG_5362.JPG,
×,Kobayashi/IMG_5363.JPG,
○,Kobayashi/IMG_5364.JPG,Kobayashi/IMG_5364.JPG
×,Kobayashi/IMG_5365.JPG,
○,Kobayashi/IMG_5366.JPG,Kobayashi/IMG_5366.JPG
○,Kobayashi/IMG_5367.JPG,Kobayashi/IMG_5367.JPG
○,Kobayashi/IMG_5368.JPG,Kobayashi/IMG_5368.JPG
○,Kobayashi/IMG_5369.JPG,Kobayashi/IMG_5369.JPG
×,Kobayashi/IMG_5370.JPG,
○,Kobayashi/IMG_5372.JPG,Kobayashi/IMG_5372.JPG
○,Kobayashi/IMG_5373.JPG,Kobayashi/IMG_5373.JPG
×,Kobayashi/IMG_5374.JPG,
×,Kobayashi/IMG_5375.JPG,
×,Nakamura/IMG_3864.jpg,
×,Nakamura/IMG_3865.jpg,
×,Nakamura/IMG_3866.jpg,
×,Nakamura/IMG_3867.jpg,
×,Nakamura/IMG_3868.jpg,
×,Nakamura/IMG_3869.jpg,
○,Nakamura/IMG_3870.jpg,Nakamura/IMG_3870.jpg
×,Nakamura/IMG_3871.jpg,
○,Nakamura/IMG_3872.jpg,Nakamura/IMG_3872.jpg
×,Nakamura/IMG_3874.jpg,
×,Nakamura/IMG_3875.jpg,
×,Nakamura/IMG_3876.jpg,
×,Nakamura/IMG_3877.jpg,
×,Nakamura/IMG_3878.jpg,
×,Nakamura/IMG_3879.jpg,
×,Nakamura/IMG_3880.jpg,
×,Nakamura/IMG_3881.jpg,
×,Nakamura/IMG_3882.jpg,
×,Nakamura/IMG_3883.jpg,
×,Nakamura/IMG_3884.jpg,
×,Nakamura/IMG_3885.jpg,
×,Nakamura/IMG_3886.jpg,
×,Nakamura/IMG_3887.jpg,
×,Nakamura/IMG_3888.jpg,
×,Nakamura/IMG_3889.jpg,
×,Nakamura/IMG_3891.jpg,
×,Nakamura/IMG_3892.jpg,
○,Nakamura/IMG_3893.jpg,Nakamura/IMG_3893.jpg
○,Nakamura/IMG_3895.jpg,Nakamura/IMG_3895.jpg
○,Nakamura/IMG_3896.jpg,Nakamura/IMG_3896.jpg
×,Nakamura/IMG_3897.jpg,
×,Nakamura/IMG_3898.jpg,
×,Nakamura/IMG_3899.jpg,
○,Nakamura/IMG_3901.jpg,Nakamura/IMG_3901.jpg
×,Nakamura/IMG_3902.jpg,
×,Nakamura/IMG_3903.jpg,
○,Nakamura/IMG_3904.jpg,Nakamura/IMG_3904.jpg
×,Nakamura/IMG_3905.jpg,
○,Yoh/PXL_20260707_124348148.MP.jpg,Yoh/PXL_20260707_124348148.MP.jpg
×,Yoh/PXL_20260707_130303978.MP.jpg,
×,Yoh/PXL_20260707_130501514.MP.jpg,
×,Yoh/PXL_20260707_130514721.MP.jpg,
×,Yoh/PXL_20260707_130710410.MP.jpg,
×,Yoh/PXL_20260707_130904536.MP.jpg,
×,Yoh/PXL_20260707_130954193.MP.jpg,
×,Yoh/PXL_20260707_131041711.MP.jpg,
×,Yoh/PXL_20260707_131136794.MP.jpg,
×,Yoh/PXL_20260707_131152437.MP.jpg,
×,Yoh/PXL_20260707_131415861.MP.jpg,
×,Yoh/PXL_20260707_131943943.MP.jpg,
○,Yoh/PXL_20260707_132101330.MP.jpg,Yoh/PXL_20260707_132101330.MP.jpg
×,Yoh/PXL_20260707_132223670.MP.jpg,
×,Yoh/PXL_20260707_132323507.MP.jpg,
×,Yoh/PXL_20260707_132410448.MP.jpg,
×,Yoh/PXL_20260707_132716657.MP.jpg,
×,Yoh/PXL_20260707_132726294.MP.jpg,
×,Yoh/PXL_20260707_133007469.MP.jpg,
×,Yoh/PXL_20260707_133109579.MP.jpg,
○,Yoh/PXL_20260707_133136266.MP.jpg,Yoh/PXL_20260707_133136266.MP.jpg
×,Yoh/PXL_20260707_133149932.MP.jpg,
×,Yoh/PXL_20260707_133227899.MP.jpg,
×,Yoh/PXL_20260707_133341167.MP.jpg,
×,Yoh/PXL_20260707_133605684.MP.jpg,
×,Yoh/PXL_20260707_133654576.MP.jpg,
×,Yoh/PXL_20260707_133744266.MP.jpg,
×,Yoh/PXL_20260707_133900333.MP.jpg,
×,Yoh/PXL_20260707_134100259.MP.jpg,
×,Yoh/PXL_20260707_134317807.MP.jpg,
×,Yoh/PXL_20260707_134820879.MP.jpg,
×,Yoh/PXL_20260707_134857468.MP.jpg,
×,Yoh/PXL_20260707_135029822.MP.jpg,
×,Yoh/PXL_20260707_135035659.MP.jpg,
×,Yoh/PXL_20260707_135337431.MP.jpg,
×,Yoh/PXL_20260707_135529845.MP.jpg,
×,Yoh/PXL_20260707_135749576.MP.jpg,
×,Yoh/PXL_20260707_135918848.MP.jpg,
○,Yoh/PXL_20260707_140124822.MP.jpg,Yoh/PXL_20260707_140124822.MP.jpg
○,Yoh/PXL_20260707_140201650.MP.jpg,Yoh/PXL_20260707_140201650.MP.jpg
○,Yoh/PXL_20260707_140448025.MP.jpg,Yoh/PXL_20260707_140448025.MP.jpg
×,Yoh/PXL_20260707_140503392.MP.jpg,
○,Yoh/PXL_20260707_140636441.MP.jpg,Yoh/PXL_20260707_140636441.MP.jpg
×,Yoh/PXL_20260707_140702790.MP.jpg,
○,Yoh/PXL_20260707_140745971.MP.jpg,Yoh/PXL_20260707_140745971.MP.jpg
×,Yoh/PXL_20260707_140806695.MP.jpg,
×,Yoh/PXL_20260707_140851232.MP.jpg,
○,Yoh/PXL_20260707_140930424.MP.jpg,Yoh/PXL_20260707_140930424.MP.jpg
○,Yoh/PXL_20260707_141014091.MP.jpg,Yoh/PXL_20260707_141014091.MP.jpg
×,Yoh/PXL_20260707_141208242.MP.jpg,
○,Yoh/PXL_20260707_141328367.MP.jpg,Yoh/PXL_20260707_141328367.MP.jpg
○,Yoh/PXL_20260707_141636080.MP.jpg,Yoh/PXL_20260707_141636080.MP.jpg
×,Yoh/PXL_20260707_141903988.MP.jpg,
×,Yoh/PXL_20260707_142426027.MP.jpg,
×,Yoh/PXL_20260707_142813020.MP.jpg,
○,Yoh/PXL_20260707_142903398.MP.jpg,Yoh/PXL_20260707_142903398.MP.jpg
×,Yoh/PXL_20260707_144024057.MP.jpg,
